1,Bruna,bruna@bruna.com.br
2,Vanette,vanette@vanette.com.br
3,Nicole,nicole@nicole.com.br
4,Gabriel,gabriel@gabriel.com.br
5,Brenda,brenda@brenda.com.br
6,Yasmyn,yasmyn@yasmyn.com.br
7,Teka,teka@teka.com.br
8,Margô,margo@margo.com.br
9,Natália,natalia@natalia.com.br
10,Amanda,amanda@amanda.com.br
